Copyright 1986-2020 Xilinx, Inc. All Rights Reserved.
--------------------------------------------------------------------------------------------------------------------------------------------------------------------------------
| Tool Version : Vivado v.2020.2 (win64) Build 3064766 Wed Nov 18 09:12:45 MST 2020
| Date         : Sat May  6 13:00:57 2023
| Host         : zeynep running 64-bit major release  (build 9200)
| Command      : report_timing_summary -max_paths 10 -file ssd_timing_summary_routed.rpt -pb ssd_timing_summary_routed.pb -rpx ssd_timing_summary_routed.rpx -warn_on_violation
| Design       : ssd
| Device       : 7a35t-cpg236
| Speed File   : -1  PRODUCTION 1.23 2018-06-13
--------------------------------------------------------------------------------------------------------------------------------------------------------------------------------

Timing Summary Report

------------------------------------------------------------------------------------------------
| Timer Settings
| --------------
------------------------------------------------------------------------------------------------

  Enable Multi Corner Analysis               :  Yes
  Enable Pessimism Removal                   :  Yes
  Pessimism Removal Resolution               :  Nearest Common Node
  Enable Input Delay Default Clock           :  No
  Enable Preset / Clear Arcs                 :  No
  Disable Flight Delays                      :  No
  Ignore I/O Paths                           :  No
  Timing Early Launch at Borrowing Latches   :  No
  Borrow Time for Max Delay Exceptions       :  Yes
  Merge Timing Exceptions                    :  Yes

  Corner  Analyze    Analyze    
  Name    Max Paths  Min Paths  
  ------  ---------  ---------  
  Slow    Yes        Yes        
  Fast    Yes        Yes        



check_timing report

Table of Contents
-----------------
1. checking no_clock (0)
2. checking constant_clock (0)
3. checking pulse_width_clock (0)
4. checking unconstrained_internal_endpoints (0)
5. checking no_input_delay (1)
6. checking no_output_delay (4)
7. checking multiple_clock (0)
8. checking generated_clocks (0)
9. checking loops (0)
10. checking partial_input_delay (0)
11. checking partial_output_delay (0)
12. checking latch_loops (0)

1. checking no_clock (0)
------------------------
 There are 0 register/latch pins with no clock.


2. checking constant_clock (0)
------------------------------
 There are 0 register/latch pins with constant_clock.


3. checking pulse_width_clock (0)
---------------------------------
 There are 0 register/latch pins which need pulse_width check


4. checking unconstrained_internal_endpoints (0)
------------------------------------------------
 There are 0 pins that are not constrained for maximum delay.

 There are 0 pins that are not constrained for maximum delay due to constant clock.


5. checking no_input_delay (1)
------------------------------
 There is 1 input port with no input delay specified. (HIGH)

 There are 0 input ports with no input delay but user has a false path constraint.


6. checking no_output_delay (4)
-------------------------------
 There are 4 ports with no output delay specified. (HIGH)

 There are 0 ports with no output delay but user has a false path constraint

 There are 0 ports with no output delay but with a timing clock defined on it or propagating through it


7. checking multiple_clock (0)
------------------------------
 There are 0 register/latch pins with multiple clocks.


8. checking generated_clocks (0)
--------------------------------
 There are 0 generated clocks that are not connected to a clock source.


9. checking loops (0)
---------------------
 There are 0 combinational loops in the design.


10. checking partial_input_delay (0)
------------------------------------
 There are 0 input ports with partial input delay specified.


11. checking partial_output_delay (0)
-------------------------------------
 There are 0 ports with partial output delay specified.


12. checking latch_loops (0)
----------------------------
 There are 0 combinational latch loops in the design through latch input



------------------------------------------------------------------------------------------------
| Design Timing Summary
| ---------------------
------------------------------------------------------------------------------------------------

    WNS(ns)      TNS(ns)  TNS Failing Endpoints  TNS Total Endpoints      WHS(ns)      THS(ns)  THS Failing Endpoints  THS Total Endpoints     WPWS(ns)     TPWS(ns)  TPWS Failing Endpoints  TPWS Total Endpoints  
    -------      -------  ---------------------  -------------------      -------      -------  ---------------------  -------------------     --------     --------  ----------------------  --------------------  
      7.431        0.000                      0                   20        0.324        0.000                      0                   20        4.500        0.000                       0                    21  


All user specified timing constraints are met.


------------------------------------------------------------------------------------------------
| Clock Summary
| -------------
------------------------------------------------------------------------------------------------

Clock        Waveform(ns)       Period(ns)      Frequency(MHz)
-----        ------------       ----------      --------------
sys_clk_pin  {0.000 5.000}      10.000          100.000         


------------------------------------------------------------------------------------------------
| Intra Clock Table
| -----------------
------------------------------------------------------------------------------------------------

Clock             WNS(ns)      TNS(ns)  TNS Failing Endpoints  TNS Total Endpoints      WHS(ns)      THS(ns)  THS Failing Endpoints  THS Total Endpoints     WPWS(ns)     TPWS(ns)  TPWS Failing Endpoints  TPWS Total Endpoints  
-----             -------      -------  ---------------------  -------------------      -------      -------  ---------------------  -------------------     --------     --------  ----------------------  --------------------  
sys_clk_pin         7.431        0.000                      0                   20        0.324        0.000                      0                   20        4.500        0.000                       0                    21  


------------------------------------------------------------------------------------------------
| Inter Clock Table
| -----------------
------------------------------------------------------------------------------------------------

From Clock    To Clock          WNS(ns)      TNS(ns)  TNS Failing Endpoints  TNS Total Endpoints      WHS(ns)      THS(ns)  THS Failing Endpoints  THS Total Endpoints  
----------    --------          -------      -------  ---------------------  -------------------      -------      -------  ---------------------  -------------------  


------------------------------------------------------------------------------------------------
| Other Path Groups Table
| -----------------------
------------------------------------------------------------------------------------------------

Path Group    From Clock    To Clock          WNS(ns)      TNS(ns)  TNS Failing Endpoints  TNS Total Endpoints      WHS(ns)      THS(ns)  THS Failing Endpoints  THS Total Endpoints  
----------    ----------    --------          -------      -------  ---------------------  -------------------      -------      -------  ---------------------  -------------------  


------------------------------------------------------------------------------------------------
| Timing Details
| --------------
------------------------------------------------------------------------------------------------


---------------------------------------------------------------------------------------------------
From Clock:  sys_clk_pin
  To Clock:  sys_clk_pin

Setup :            0  Failing Endpoints,  Worst Slack        7.431ns,  Total Violation        0.000ns
Hold  :            0  Failing Endpoints,  Worst Slack        0.324ns,  Total Violation        0.000ns
PW    :            0  Failing Endpoints,  Worst Slack        4.500ns,  Total Violation        0.000ns
---------------------------------------------------------------------------------------------------


Max Delay Paths
--------------------------------------------------------------------------------------
Slack (MET) :             7.431ns  (required time - arrival time)
  Source:                 clkRefresh_reg[1]/C
                            (rising edge-triggered cell FDCE clocked by sys_clk_pin  {rise@0.000ns fall@5.000ns period=10.000ns})
  Destination:            clkRefresh_reg[17]/D
                            (rising edge-triggered cell FDCE clocked by sys_clk_pin  {rise@0.000ns fall@5.000ns period=10.000ns})
  Path Group:             sys_clk_pin
  Path Type:              Setup (Max at Slow Process Corner)
  Requirement:            10.000ns  (sys_clk_pin rise@10.000ns - sys_clk_pin rise@0.000ns)
  Data Path Delay:        2.568ns  (logic 1.806ns (70.331%)  route 0.762ns (29.669%))
  Logic Levels:           5  (CARRY4=5)
  Clock Path Skew:        -0.028ns (DCD - SCD + CPR)
    Destination Clock Delay (DCD):    4.849ns = ( 14.849 - 10.000 ) 
    Source Clock Delay      (SCD):    5.151ns
    Clock Pessimism Removal (CPR):    0.274ns
  Clock Uncertainty:      0.035ns  ((TSJ^2 + TIJ^2)^1/2 + DJ) / 2 + PE
    Total System Jitter     (TSJ):    0.071ns
    Total Input Jitter      (TIJ):    0.000ns
    Discrete Jitter          (DJ):    0.000ns
    Phase Error              (PE):    0.000ns

    Location             Delay type                Incr(ns)  Path(ns)    Netlist Resource(s)
  -------------------------------------------------------------------    -------------------
                         (clock sys_clk_pin rise edge)
                                                      0.000     0.000 r  
    W5                                                0.000     0.000 r  clk (IN)
                         net (fo=0)                   0.000     0.000    clk
    W5                   IBUF (Prop_ibuf_I_O)         1.458     1.458 r  clk_IBUF_inst/O
                         net (fo=1, routed)           1.967     3.425    clk_IBUF
    BUFGCTRL_X0Y0        BUFG (Prop_bufg_I_O)         0.096     3.521 r  clk_IBUF_BUFG_inst/O
                         net (fo=20, routed)          1.630     5.151    clk_IBUF_BUFG
    SLICE_X0Y16          FDCE                                         r  clkRefresh_reg[1]/C
  -------------------------------------------------------------------    -------------------
    SLICE_X0Y16          FDCE (Prop_fdce_C_Q)         0.456     5.607 r  clkRefresh_reg[1]/Q
                         net (fo=1, routed)           0.762     6.369    clkRefresh_reg_n_0_[1]
    SLICE_X0Y16          CARRY4 (Prop_carry4_S[1]_CO[3])
                                                      0.674     7.043 r  clkRefresh_reg[0]_i_1/CO[3]
                         net (fo=1, routed)           0.000     7.043    clkRefresh_reg[0]_i_1_n_0
    SLICE_X0Y17          CARRY4 (Prop_carry4_CI_CO[3])
                                                      0.114     7.157 r  clkRefresh_reg[4]_i_1/CO[3]
                         net (fo=1, routed)           0.000     7.157    clkRefresh_reg[4]_i_1_n_0
    SLICE_X0Y18          CARRY4 (Prop_carry4_CI_CO[3])
                                                      0.114     7.271 r  clkRefresh_reg[8]_i_1/CO[3]
                         net (fo=1, routed)           0.000     7.271    clkRefresh_reg[8]_i_1_n_0
    SLICE_X0Y19          CARRY4 (Prop_carry4_CI_CO[3])
                                                      0.114     7.385 r  clkRefresh_reg[12]_i_1/CO[3]
                         net (fo=1, routed)           0.000     7.385    clkRefresh_reg[12]_i_1_n_0
    SLICE_X0Y20          CARRY4 (Prop_carry4_CI_O[1])
                                                      0.334     7.719 r  clkRefresh_reg[16]_i_1/O[1]
                         net (fo=1, routed)           0.000     7.719    clkRefresh_reg[16]_i_1_n_6
    SLICE_X0Y20          FDCE                                         r  clkRefresh_reg[17]/D
  -------------------------------------------------------------------    -------------------

                         (clock sys_clk_pin rise edge)
                                                     10.000    10.000 r  
    W5                                                0.000    10.000 r  clk (IN)
                         net (fo=0)                   0.000    10.000    clk
    W5                   IBUF (Prop_ibuf_I_O)         1.388    11.388 r  clk_IBUF_inst/O
                         net (fo=1, routed)           1.862    13.250    clk_IBUF
    BUFGCTRL_X0Y0        BUFG (Prop_bufg_I_O)         0.091    13.341 r  clk_IBUF_BUFG_inst/O
                         net (fo=20, routed)          1.508    14.849    clk_IBUF_BUFG
    SLICE_X0Y20          FDCE                                         r  clkRefresh_reg[17]/C
                         clock pessimism              0.274    15.123    
                         clock uncertainty           -0.035    15.088    
    SLICE_X0Y20          FDCE (Setup_fdce_C_D)        0.062    15.150    clkRefresh_reg[17]
  -------------------------------------------------------------------
                         required time                         15.150    
                         arrival time                          -7.719    
  -------------------------------------------------------------------
                         slack                                  7.431    

Slack (MET) :             7.452ns  (required time - arrival time)
  Source:                 clkRefresh_reg[1]/C
                            (rising edge-triggered cell FDCE clocked by sys_clk_pin  {rise@0.000ns fall@5.000ns period=10.000ns})
  Destination:            clkRefresh_reg[19]/D
                            (rising edge-triggered cell FDCE clocked by sys_clk_pin  {rise@0.000ns fall@5.000ns period=10.000ns})
  Path Group:             sys_clk_pin
  Path Type:              Setup (Max at Slow Process Corner)
  Requirement:            10.000ns  (sys_clk_pin rise@10.000ns - sys_clk_pin rise@0.000ns)
  Data Path Delay:        2.547ns  (logic 1.785ns (70.086%)  route 0.762ns (29.914%))
  Logic Levels:           5  (CARRY4=5)
  Clock Path Skew:        -0.028ns (DCD - SCD + CPR)
    Destination Clock Delay (DCD):    4.849ns = ( 14.849 - 10.000 ) 
    Source Clock Delay      (SCD):    5.151ns
    Clock Pessimism Removal (CPR):    0.274ns
  Clock Uncertainty:      0.035ns  ((TSJ^2 + TIJ^2)^1/2 + DJ) / 2 + PE
    Total System Jitter     (TSJ):    0.071ns
    Total Input Jitter      (TIJ):    0.000ns
    Discrete Jitter          (DJ):    0.000ns
    Phase Error              (PE):    0.000ns

    Location             Delay type                Incr(ns)  Path(ns)    Netlist Resource(s)
  -------------------------------------------------------------------    -------------------
                         (clock sys_clk_pin rise edge)
                                                      0.000     0.000 r  
    W5                                                0.000     0.000 r  clk (IN)
                         net (fo=0)                   0.000     0.000    clk
    W5                   IBUF (Prop_ibuf_I_O)         1.458     1.458 r  clk_IBUF_inst/O
                         net (fo=1, routed)           1.967     3.425    clk_IBUF
    BUFGCTRL_X0Y0        BUFG (Prop_bufg_I_O)         0.096     3.521 r  clk_IBUF_BUFG_inst/O
                         net (fo=20, routed)          1.630     5.151    clk_IBUF_BUFG
    SLICE_X0Y16          FDCE                                         r  clkRefresh_reg[1]/C
  -------------------------------------------------------------------    -------------------
    SLICE_X0Y16          FDCE (Prop_fdce_C_Q)         0.456     5.607 r  clkRefresh_reg[1]/Q
                         net (fo=1, routed)           0.762     6.369    clkRefresh_reg_n_0_[1]
    SLICE_X0Y16          CARRY4 (Prop_carry4_S[1]_CO[3])
                                                      0.674     7.043 r  clkRefresh_reg[0]_i_1/CO[3]
                         net (fo=1, routed)           0.000     7.043    clkRefresh_reg[0]_i_1_n_0
    SLICE_X0Y17          CARRY4 (Prop_carry4_CI_CO[3])
                                                      0.114     7.157 r  clkRefresh_reg[4]_i_1/CO[3]
                         net (fo=1, routed)           0.000     7.157    clkRefresh_reg[4]_i_1_n_0
    SLICE_X0Y18          CARRY4 (Prop_carry4_CI_CO[3])
                                                      0.114     7.271 r  clkRefresh_reg[8]_i_1/CO[3]
                         net (fo=1, routed)           0.000     7.271    clkRefresh_reg[8]_i_1_n_0
    SLICE_X0Y19          CARRY4 (Prop_carry4_CI_CO[3])
                                                      0.114     7.385 r  clkRefresh_reg[12]_i_1/CO[3]
                         net (fo=1, routed)           0.000     7.385    clkRefresh_reg[12]_i_1_n_0
    SLICE_X0Y20          CARRY4 (Prop_carry4_CI_O[3])
                                                      0.313     7.698 r  clkRefresh_reg[16]_i_1/O[3]
                         net (fo=1, routed)           0.000     7.698    clkRefresh_reg[16]_i_1_n_4
    SLICE_X0Y20          FDCE                                         r  clkRefresh_reg[19]/D
  -------------------------------------------------------------------    -------------------

                         (clock sys_clk_pin rise edge)
                                                     10.000    10.000 r  
    W5                                                0.000    10.000 r  clk (IN)
                         net (fo=0)                   0.000    10.000    clk
    W5                   IBUF (Prop_ibuf_I_O)         1.388    11.388 r  clk_IBUF_inst/O
                         net (fo=1, routed)           1.862    13.250    clk_IBUF
    BUFGCTRL_X0Y0        BUFG (Prop_bufg_I_O)         0.091    13.341 r  clk_IBUF_BUFG_inst/O
                         net (fo=20, routed)          1.508    14.849    clk_IBUF_BUFG
    SLICE_X0Y20          FDCE                                         r  clkRefresh_reg[19]/C
                         clock pessimism              0.274    15.123    
                         clock uncertainty           -0.035    15.088    
    SLICE_X0Y20          FDCE (Setup_fdce_C_D)        0.062    15.150    clkRefresh_reg[19]
  -------------------------------------------------------------------
                         required time                         15.150    
                         arrival time                          -7.698    
  -------------------------------------------------------------------
                         slack                                  7.452    

Slack (MET) :             7.526ns  (required time - arrival time)
  Source:                 clkRefresh_reg[1]/C
                            (rising edge-triggered cell FDCE clocked by sys_clk_pin  {rise@0.000ns fall@5.000ns period=10.000ns})
  Destination:            clkRefresh_reg[18]/D
                            (rising edge-triggered cell FDCE clocked by sys_clk_pin  {rise@0.000ns fall@5.000ns period=10.000ns})
  Path Group:             sys_clk_pin
  Path Type:              Setup (Max at Slow Process Corner)
  Requirement:            10.000ns  (sys_clk_pin rise@10.000ns - sys_clk_pin rise@0.000ns)
  Data Path Delay:        2.473ns  (logic 1.711ns (69.191%)  route 0.762ns (30.809%))
  Logic Levels:           5  (CARRY4=5)
  Clock Path Skew:        -0.028ns (DCD - SCD + CPR)
    Destination Clock Delay (DCD):    4.849ns = ( 14.849 - 10.000 ) 
    Source Clock Delay      (SCD):    5.151ns
    Clock Pessimism Removal (CPR):    0.274ns
  Clock Uncertainty:      0.035ns  ((TSJ^2 + TIJ^2)^1/2 + DJ) / 2 + PE
    Total System Jitter     (TSJ):    0.071ns
    Total Input Jitter      (TIJ):    0.000ns
    Discrete Jitter          (DJ):    0.000ns
    Phase Error              (PE):    0.000ns

    Location             Delay type                Incr(ns)  Path(ns)    Netlist Resource(s)
  -------------------------------------------------------------------    -------------------
                         (clock sys_clk_pin rise edge)
                                                      0.000     0.000 r  
    W5                                                0.000     0.000 r  clk (IN)
                         net (fo=0)                   0.000     0.000    clk
    W5                   IBUF (Prop_ibuf_I_O)         1.458     1.458 r  clk_IBUF_inst/O
                         net (fo=1, routed)           1.967     3.425    clk_IBUF
    BUFGCTRL_X0Y0        BUFG (Prop_bufg_I_O)         0.096     3.521 r  clk_IBUF_BUFG_inst/O
                         net (fo=20, routed)          1.630     5.151    clk_IBUF_BUFG
    SLICE_X0Y16          FDCE                                         r  clkRefresh_reg[1]/C
  -------------------------------------------------------------------    -------------------
    SLICE_X0Y16          FDCE (Prop_fdce_C_Q)         0.456     5.607 r  clkRefresh_reg[1]/Q
                         net (fo=1, routed)           0.762     6.369    clkRefresh_reg_n_0_[1]
    SLICE_X0Y16          CARRY4 (Prop_carry4_S[1]_CO[3])
                                                      0.674     7.043 r  clkRefresh_reg[0]_i_1/CO[3]
                         net (fo=1, routed)           0.000     7.043    clkRefresh_reg[0]_i_1_n_0
    SLICE_X0Y17          CARRY4 (Prop_carry4_CI_CO[3])
                                                      0.114     7.157 r  clkRefresh_reg[4]_i_1/CO[3]
                         net (fo=1, routed)           0.000     7.157    clkRefresh_reg[4]_i_1_n_0
    SLICE_X0Y18          CARRY4 (Prop_carry4_CI_CO[3])
                                                      0.114     7.271 r  clkRefresh_reg[8]_i_1/CO[3]
                         net (fo=1, routed)           0.000     7.271    clkRefresh_reg[8]_i_1_n_0
    SLICE_X0Y19          CARRY4 (Prop_carry4_CI_CO[3])
                                                      0.114     7.385 r  clkRefresh_reg[12]_i_1/CO[3]
                         net (fo=1, routed)           0.000     7.385    clkRefresh_reg[12]_i_1_n_0
    SLICE_X0Y20          CARRY4 (Prop_carry4_CI_O[2])
                                                      0.239     7.624 r  clkRefresh_reg[16]_i_1/O[2]
                         net (fo=1, routed)           0.000     7.624    clkRefresh_reg[16]_i_1_n_5
    SLICE_X0Y20          FDCE                                         r  clkRefresh_reg[18]/D
  -------------------------------------------------------------------    -------------------

                         (clock sys_clk_pin rise edge)
                                                     10.000    10.000 r  
    W5                                                0.000    10.000 r  clk (IN)
                         net (fo=0)                   0.000    10.000    clk
    W5                   IBUF (Prop_ibuf_I_O)         1.388    11.388 r  clk_IBUF_inst/O
                         net (fo=1, routed)           1.862    13.250    clk_IBUF
    BUFGCTRL_X0Y0        BUFG (Prop_bufg_I_O)         0.091    13.341 r  clk_IBUF_BUFG_inst/O
                         net (fo=20, routed)          1.508    14.849    clk_IBUF_BUFG
    SLICE_X0Y20          FDCE                                         r  clkRefresh_reg[18]/C
                         clock pessimism              0.274    15.123    
                         clock uncertainty           -0.035    15.088    
    SLICE_X0Y20          FDCE (Setup_fdce_C_D)        0.062    15.150    clkRefresh_reg[18]
  -------------------------------------------------------------------
                         required time                         15.150    
                         arrival time                          -7.624    
  -------------------------------------------------------------------
                         slack                                  7.526    

Slack (MET) :             7.542ns  (required time - arrival time)
  Source:                 clkRefresh_reg[1]/C
                            (rising edge-triggered cell FDCE clocked by sys_clk_pin  {rise@0.000ns fall@5.000ns period=10.000ns})
  Destination:            clkRefresh_reg[16]/D
                            (rising edge-triggered cell FDCE clocked by sys_clk_pin  {rise@0.000ns fall@5.000ns period=10.000ns})
  Path Group:             sys_clk_pin
  Path Type:              Setup (Max at Slow Process Corner)
  Requirement:            10.000ns  (sys_clk_pin rise@10.000ns - sys_clk_pin rise@0.000ns)
  Data Path Delay:        2.457ns  (logic 1.695ns (68.990%)  route 0.762ns (31.010%))
  Logic Levels:           5  (CARRY4=5)
  Clock Path Skew:        -0.028ns (DCD - SCD + CPR)
    Destination Clock Delay (DCD):    4.849ns = ( 14.849 - 10.000 ) 
    Source Clock Delay      (SCD):    5.151ns
    Clock Pessimism Removal (CPR):    0.274ns
  Clock Uncertainty:      0.035ns  ((TSJ^2 + TIJ^2)^1/2 + DJ) / 2 + PE
    Total System Jitter     (TSJ):    0.071ns
    Total Input Jitter      (TIJ):    0.000ns
    Discrete Jitter          (DJ):    0.000ns
    Phase Error              (PE):    0.000ns

    Location             Delay type                Incr(ns)  Path(ns)    Netlist Resource(s)
  -------------------------------------------------------------------    -------------------
                         (clock sys_clk_pin rise edge)
                                                      0.000     0.000 r  
    W5                                                0.000     0.000 r  clk (IN)
                         net (fo=0)                   0.000     0.000    clk
    W5                   IBUF (Prop_ibuf_I_O)         1.458     1.458 r  clk_IBUF_inst/O
                         net (fo=1, routed)           1.967     3.425    clk_IBUF
    BUFGCTRL_X0Y0        BUFG (Prop_bufg_I_O)         0.096     3.521 r  clk_IBUF_BUFG_inst/O
                         net (fo=20, routed)          1.630     5.151    clk_IBUF_BUFG
    SLICE_X0Y16          FDCE                                         r  clkRefresh_reg[1]/C
  -------------------------------------------------------------------    -------------------
    SLICE_X0Y16          FDCE (Prop_fdce_C_Q)         0.456     5.607 r  clkRefresh_reg[1]/Q
                         net (fo=1, routed)           0.762     6.369    clkRefresh_reg_n_0_[1]
    SLICE_X0Y16          CARRY4 (Prop_carry4_S[1]_CO[3])
                                                      0.674     7.043 r  clkRefresh_reg[0]_i_1/CO[3]
                         net (fo=1, routed)           0.000     7.043    clkRefresh_reg[0]_i_1_n_0
    SLICE_X0Y17          CARRY4 (Prop_carry4_CI_CO[3])
                                                      0.114     7.157 r  clkRefresh_reg[4]_i_1/CO[3]
                         net (fo=1, routed)           0.000     7.157    clkRefresh_reg[4]_i_1_n_0
    SLICE_X0Y18          CARRY4 (Prop_carry4_CI_CO[3])
                                                      0.114     7.271 r  clkRefresh_reg[8]_i_1/CO[3]
                         net (fo=1, routed)           0.000     7.271    clkRefresh_reg[8]_i_1_n_0
    SLICE_X0Y19          CARRY4 (Prop_carry4_CI_CO[3])
                                                      0.114     7.385 r  clkRefresh_reg[12]_i_1/CO[3]
                         net (fo=1, routed)           0.000     7.385    clkRefresh_reg[12]_i_1_n_0
    SLICE_X0Y20          CARRY4 (Prop_carry4_CI_O[0])
                                                      0.223     7.608 r  clkRefresh_reg[16]_i_1/O[0]
                         net (fo=1, routed)           0.000     7.608    clkRefresh_reg[16]_i_1_n_7
    SLICE_X0Y20          FDCE                                         r  clkRefresh_reg[16]/D
  -------------------------------------------------------------------    -------------------

                         (clock sys_clk_pin rise edge)
                                                     10.000    10.000 r  
    W5                                                0.000    10.000 r  clk (IN)
                         net (fo=0)                   0.000    10.000    clk
    W5                   IBUF (Prop_ibuf_I_O)         1.388    11.388 r  clk_IBUF_inst/O
                         net (fo=1, routed)           1.862    13.250    clk_IBUF
    BUFGCTRL_X0Y0        BUFG (Prop_bufg_I_O)         0.091    13.341 r  clk_IBUF_BUFG_inst/O
                         net (fo=20, routed)          1.508    14.849    clk_IBUF_BUFG
    SLICE_X0Y20          FDCE                                         r  clkRefresh_reg[16]/C
                         clock pessimism              0.274    15.123    
                         clock uncertainty           -0.035    15.088    
    SLICE_X0Y20          FDCE (Setup_fdce_C_D)        0.062    15.150    clkRefresh_reg[16]
  -------------------------------------------------------------------
                         required time                         15.150    
                         arrival time                          -7.608    
  -------------------------------------------------------------------
                         slack                                  7.542    

Slack (MET) :             7.545ns  (required time - arrival time)
  Source:                 clkRefresh_reg[1]/C
                            (rising edge-triggered cell FDCE clocked by sys_clk_pin  {rise@0.000ns fall@5.000ns period=10.000ns})
  Destination:            clkRefresh_reg[13]/D
                            (rising edge-triggered cell FDCE clocked by sys_clk_pin  {rise@0.000ns fall@5.000ns period=10.000ns})
  Path Group:             sys_clk_pin
  Path Type:              Setup (Max at Slow Process Corner)
  Requirement:            10.000ns  (sys_clk_pin rise@10.000ns - sys_clk_pin rise@0.000ns)
  Data Path Delay:        2.454ns  (logic 1.692ns (68.952%)  route 0.762ns (31.048%))
  Logic Levels:           4  (CARRY4=4)
  Clock Path Skew:        -0.028ns (DCD - SCD + CPR)
    Destination Clock Delay (DCD):    4.849ns = ( 14.849 - 10.000 ) 
    Source Clock Delay      (SCD):    5.151ns
    Clock Pessimism Removal (CPR):    0.274ns
  Clock Uncertainty:      0.035ns  ((TSJ^2 + TIJ^2)^1/2 + DJ) / 2 + PE
    Total System Jitter     (TSJ):    0.071ns
    Total Input Jitter      (TIJ):    0.000ns
    Discrete Jitter          (DJ):    0.000ns
    Phase Error              (PE):    0.000ns

    Location             Delay type                Incr(ns)  Path(ns)    Netlist Resource(s)
  -------------------------------------------------------------------    -------------------
                         (clock sys_clk_pin rise edge)
                                                      0.000     0.000 r  
    W5                                                0.000     0.000 r  clk (IN)
                         net (fo=0)                   0.000     0.000    clk
    W5                   IBUF (Prop_ibuf_I_O)         1.458     1.458 r  clk_IBUF_inst/O
                         net (fo=1, routed)           1.967     3.425    clk_IBUF
    BUFGCTRL_X0Y0        BUFG (Prop_bufg_I_O)         0.096     3.521 r  clk_IBUF_BUFG_inst/O
                         net (fo=20, routed)          1.630     5.151    clk_IBUF_BUFG
    SLICE_X0Y16          FDCE                                         r  clkRefresh_reg[1]/C
  -------------------------------------------------------------------    -------------------
    SLICE_X0Y16          FDCE (Prop_fdce_C_Q)         0.456     5.607 r  clkRefresh_reg[1]/Q
                         net (fo=1, routed)           0.762     6.369    clkRefresh_reg_n_0_[1]
    SLICE_X0Y16          CARRY4 (Prop_carry4_S[1]_CO[3])
                                                      0.674     7.043 r  clkRefresh_reg[0]_i_1/CO[3]
                         net (fo=1, routed)           0.000     7.043    clkRefresh_reg[0]_i_1_n_0
    SLICE_X0Y17          CARRY4 (Prop_carry4_CI_CO[3])
                                                      0.114     7.157 r  clkRefresh_reg[4]_i_1/CO[3]
                         net (fo=1, routed)           0.000     7.157    clkRefresh_reg[4]_i_1_n_0
    SLICE_X0Y18          CARRY4 (Prop_carry4_CI_CO[3])
                                                      0.114     7.271 r  clkRefresh_reg[8]_i_1/CO[3]
                         net (fo=1, routed)           0.000     7.271    clkRefresh_reg[8]_i_1_n_0
    SLICE_X0Y19          CARRY4 (Prop_carry4_CI_O[1])
                                                      0.334     7.605 r  clkRefresh_reg[12]_i_1/O[1]
                         net (fo=1, routed)           0.000     7.605    clkRefresh_reg[12]_i_1_n_6
    SLICE_X0Y19          FDCE                                         r  clkRefresh_reg[13]/D
  -------------------------------------------------------------------    -------------------

                         (clock sys_clk_pin rise edge)
                                                     10.000    10.000 r  
    W5                                                0.000    10.000 r  clk (IN)
                         net (fo=0)                   0.000    10.000    clk
    W5                   IBUF (Prop_ibuf_I_O)         1.388    11.388 r  clk_IBUF_inst/O
                         net (fo=1, routed)           1.862    13.250    clk_IBUF
    BUFGCTRL_X0Y0        BUFG (Prop_bufg_I_O)         0.091    13.341 r  clk_IBUF_BUFG_inst/O
                         net (fo=20, routed)          1.508    14.849    clk_IBUF_BUFG
    SLICE_X0Y19          FDCE                                         r  clkRefresh_reg[13]/C
                         clock pessimism              0.274    15.123    
                         clock uncertainty           -0.035    15.088    
    SLICE_X0Y19          FDCE (Setup_fdce_C_D)        0.062    15.150    clkRefresh_reg[13]
  -------------------------------------------------------------------
                         required time                         15.150    
                         arrival time                          -7.605    
  -------------------------------------------------------------------
                         slack                                  7.545    

Slack (MET) :             7.566ns  (required time - arrival time)
  Source:                 clkRefresh_reg[1]/C
                            (rising edge-triggered cell FDCE clocked by sys_clk_pin  {rise@0.000ns fall@5.000ns period=10.000ns})
  Destination:            clkRefresh_reg[15]/D
                            (rising edge-triggered cell FDCE clocked by sys_clk_pin  {rise@0.000ns fall@5.000ns period=10.000ns})
  Path Group:             sys_clk_pin
  Path Type:              Setup (Max at Slow Process Corner)
  Requirement:            10.000ns  (sys_clk_pin rise@10.000ns - sys_clk_pin rise@0.000ns)
  Data Path Delay:        2.433ns  (logic 1.671ns (68.684%)  route 0.762ns (31.316%))
  Logic Levels:           4  (CARRY4=4)
  Clock Path Skew:        -0.028ns (DCD - SCD + CPR)
    Destination Clock Delay (DCD):    4.849ns = ( 14.849 - 10.000 ) 
    Source Clock Delay      (SCD):    5.151ns
    Clock Pessimism Removal (CPR):    0.274ns
  Clock Uncertainty:      0.035ns  ((TSJ^2 + TIJ^2)^1/2 + DJ) / 2 + PE
    Total System Jitter     (TSJ):    0.071ns
    Total Input Jitter      (TIJ):    0.000ns
    Discrete Jitter          (DJ):    0.000ns
    Phase Error              (PE):    0.000ns

    Location             Delay type                Incr(ns)  Path(ns)    Netlist Resource(s)
  -------------------------------------------------------------------    -------------------
                         (clock sys_clk_pin rise edge)
                                                      0.000     0.000 r  
    W5                                                0.000     0.000 r  clk (IN)
                         net (fo=0)                   0.000     0.000    clk
    W5                   IBUF (Prop_ibuf_I_O)         1.458     1.458 r  clk_IBUF_inst/O
                         net (fo=1, routed)           1.967     3.425    clk_IBUF
    BUFGCTRL_X0Y0        BUFG (Prop_bufg_I_O)         0.096     3.521 r  clk_IBUF_BUFG_inst/O
                         net (fo=20, routed)          1.630     5.151    clk_IBUF_BUFG
    SLICE_X0Y16          FDCE                                         r  clkRefresh_reg[1]/C
  -------------------------------------------------------------------    -------------------
    SLICE_X0Y16          FDCE (Prop_fdce_C_Q)         0.456     5.607 r  clkRefresh_reg[1]/Q
                         net (fo=1, routed)           0.762     6.369    clkRefresh_reg_n_0_[1]
    SLICE_X0Y16          CARRY4 (Prop_carry4_S[1]_CO[3])
                                                      0.674     7.043 r  clkRefresh_reg[0]_i_1/CO[3]
                         net (fo=1, routed)           0.000     7.043    clkRefresh_reg[0]_i_1_n_0
    SLICE_X0Y17          CARRY4 (Prop_carry4_CI_CO[3])
                                                      0.114     7.157 r  clkRefresh_reg[4]_i_1/CO[3]
                         net (fo=1, routed)           0.000     7.157    clkRefresh_reg[4]_i_1_n_0
    SLICE_X0Y18          CARRY4 (Prop_carry4_CI_CO[3])
                                                      0.114     7.271 r  clkRefresh_reg[8]_i_1/CO[3]
                         net (fo=1, routed)           0.000     7.271    clkRefresh_reg[8]_i_1_n_0
    SLICE_X0Y19          CARRY4 (Prop_carry4_CI_O[3])
                                                      0.313     7.584 r  clkRefresh_reg[12]_i_1/O[3]
                         net (fo=1, routed)           0.000     7.584    clkRefresh_reg[12]_i_1_n_4
    SLICE_X0Y19          FDCE                                         r  clkRefresh_reg[15]/D
  -------------------------------------------------------------------    -------------------

                         (clock sys_clk_pin rise edge)
                                                     10.000    10.000 r  
    W5                                                0.000    10.000 r  clk (IN)
                         net (fo=0)                   0.000    10.000    clk
    W5                   IBUF (Prop_ibuf_I_O)         1.388    11.388 r  clk_IBUF_inst/O
                         net (fo=1, routed)           1.862    13.250    clk_IBUF
    BUFGCTRL_X0Y0        BUFG (Prop_bufg_I_O)         0.091    13.341 r  clk_IBUF_BUFG_inst/O
                         net (fo=20, routed)          1.508    14.849    clk_IBUF_BUFG
    SLICE_X0Y19          FDCE                                         r  clkRefresh_reg[15]/C
                         clock pessimism              0.274    15.123    
                         clock uncertainty           -0.035    15.088    
    SLICE_X0Y19          FDCE (Setup_fdce_C_D)        0.062    15.150    clkRefresh_reg[15]
  -------------------------------------------------------------------
                         required time                         15.150    
                         arrival time                          -7.584    
  -------------------------------------------------------------------
                         slack                                  7.566    

Slack (MET) :             7.640ns  (required time - arrival time)
  Source:                 clkRefresh_reg[1]/C
                            (rising edge-triggered cell FDCE clocked by sys_clk_pin  {rise@0.000ns fall@5.000ns period=10.000ns})
  Destination:            clkRefresh_reg[14]/D
                            (rising edge-triggered cell FDCE clocked by sys_clk_pin  {rise@0.000ns fall@5.000ns period=10.000ns})
  Path Group:             sys_clk_pin
  Path Type:              Setup (Max at Slow Process Corner)
  Requirement:            10.000ns  (sys_clk_pin rise@10.000ns - sys_clk_pin rise@0.000ns)
  Data Path Delay:        2.359ns  (logic 1.597ns (67.702%)  route 0.762ns (32.298%))
  Logic Levels:           4  (CARRY4=4)
  Clock Path Skew:        -0.028ns (DCD - SCD + CPR)
    Destination Clock Delay (DCD):    4.849ns = ( 14.849 - 10.000 ) 
    Source Clock Delay      (SCD):    5.151ns
    Clock Pessimism Removal (CPR):    0.274ns
  Clock Uncertainty:      0.035ns  ((TSJ^2 + TIJ^2)^1/2 + DJ) / 2 + PE
    Total System Jitter     (TSJ):    0.071ns
    Total Input Jitter      (TIJ):    0.000ns
    Discrete Jitter          (DJ):    0.000ns
    Phase Error              (PE):    0.000ns

    Location             Delay type                Incr(ns)  Path(ns)    Netlist Resource(s)
  -------------------------------------------------------------------    -------------------
                         (clock sys_clk_pin rise edge)
                                                      0.000     0.000 r  
    W5                                                0.000     0.000 r  clk (IN)
                         net (fo=0)                   0.000     0.000    clk
    W5                   IBUF (Prop_ibuf_I_O)         1.458     1.458 r  clk_IBUF_inst/O
                         net (fo=1, routed)           1.967     3.425    clk_IBUF
    BUFGCTRL_X0Y0        BUFG (Prop_bufg_I_O)         0.096     3.521 r  clk_IBUF_BUFG_inst/O
                         net (fo=20, routed)          1.630     5.151    clk_IBUF_BUFG
    SLICE_X0Y16          FDCE                                         r  clkRefresh_reg[1]/C
  -------------------------------------------------------------------    -------------------
    SLICE_X0Y16          FDCE (Prop_fdce_C_Q)         0.456     5.607 r  clkRefresh_reg[1]/Q
                         net (fo=1, routed)           0.762     6.369    clkRefresh_reg_n_0_[1]
    SLICE_X0Y16          CARRY4 (Prop_carry4_S[1]_CO[3])
                                                      0.674     7.043 r  clkRefresh_reg[0]_i_1/CO[3]
                         net (fo=1, routed)           0.000     7.043    clkRefresh_reg[0]_i_1_n_0
    SLICE_X0Y17          CARRY4 (Prop_carry4_CI_CO[3])
                                                      0.114     7.157 r  clkRefresh_reg[4]_i_1/CO[3]
                         net (fo=1, routed)           0.000     7.157    clkRefresh_reg[4]_i_1_n_0
    SLICE_X0Y18          CARRY4 (Prop_carry4_CI_CO[3])
                                                      0.114     7.271 r  clkRefresh_reg[8]_i_1/CO[3]
                         net (fo=1, routed)           0.000     7.271    clkRefresh_reg[8]_i_1_n_0
    SLICE_X0Y19          CARRY4 (Prop_carry4_CI_O[2])
                                                      0.239     7.510 r  clkRefresh_reg[12]_i_1/O[2]
                         net (fo=1, routed)           0.000     7.510    clkRefresh_reg[12]_i_1_n_5
    SLICE_X0Y19          FDCE                                         r  clkRefresh_reg[14]/D
  -------------------------------------------------------------------    -------------------

                         (clock sys_clk_pin rise edge)
                                                     10.000    10.000 r  
    W5                                                0.000    10.000 r  clk (IN)
                         net (fo=0)                   0.000    10.000    clk
    W5                   IBUF (Prop_ibuf_I_O)         1.388    11.388 r  clk_IBUF_inst/O
                         net (fo=1, routed)           1.862    13.250    clk_IBUF
    BUFGCTRL_X0Y0        BUFG (Prop_bufg_I_O)         0.091    13.341 r  clk_IBUF_BUFG_inst/O
                         net (fo=20, routed)          1.508    14.849    clk_IBUF_BUFG
    SLICE_X0Y19          FDCE                                         r  clkRefresh_reg[14]/C
                         clock pessimism              0.274    15.123    
                         clock uncertainty           -0.035    15.088    
    SLICE_X0Y19          FDCE (Setup_fdce_C_D)        0.062    15.150    clkRefresh_reg[14]
  -------------------------------------------------------------------
                         required time                         15.150    
                         arrival time                          -7.510    
  -------------------------------------------------------------------
                         slack                                  7.640    

Slack (MET) :             7.656ns  (required time - arrival time)
  Source:                 clkRefresh_reg[1]/C
                            (rising edge-triggered cell FDCE clocked by sys_clk_pin  {rise@0.000ns fall@5.000ns period=10.000ns})
  Destination:            clkRefresh_reg[12]/D
                            (rising edge-triggered cell FDCE clocked by sys_clk_pin  {rise@0.000ns fall@5.000ns period=10.000ns})
  Path Group:             sys_clk_pin
  Path Type:              Setup (Max at Slow Process Corner)
  Requirement:            10.000ns  (sys_clk_pin rise@10.000ns - sys_clk_pin rise@0.000ns)
  Data Path Delay:        2.343ns  (logic 1.581ns (67.481%)  route 0.762ns (32.519%))
  Logic Levels:           4  (CARRY4=4)
  Clock Path Skew:        -0.028ns (DCD - SCD + CPR)
    Destination Clock Delay (DCD):    4.849ns = ( 14.849 - 10.000 ) 
    Source Clock Delay      (SCD):    5.151ns
    Clock Pessimism Removal (CPR):    0.274ns
  Clock Uncertainty:      0.035ns  ((TSJ^2 + TIJ^2)^1/2 + DJ) / 2 + PE
    Total System Jitter     (TSJ):    0.071ns
    Total Input Jitter      (TIJ):    0.000ns
    Discrete Jitter          (DJ):    0.000ns
    Phase Error              (PE):    0.000ns

    Location             Delay type                Incr(ns)  Path(ns)    Netlist Resource(s)
  -------------------------------------------------------------------    -------------------
                         (clock sys_clk_pin rise edge)
                                                      0.000     0.000 r  
    W5                                                0.000     0.000 r  clk (IN)
                         net (fo=0)                   0.000     0.000    clk
    W5                   IBUF (Prop_ibuf_I_O)         1.458     1.458 r  clk_IBUF_inst/O
                         net (fo=1, routed)           1.967     3.425    clk_IBUF
    BUFGCTRL_X0Y0        BUFG (Prop_bufg_I_O)         0.096     3.521 r  clk_IBUF_BUFG_inst/O
                         net (fo=20, routed)          1.630     5.151    clk_IBUF_BUFG
    SLICE_X0Y16          FDCE                                         r  clkRefresh_reg[1]/C
  -------------------------------------------------------------------    -------------------
    SLICE_X0Y16          FDCE (Prop_fdce_C_Q)         0.456     5.607 r  clkRefresh_reg[1]/Q
                         net (fo=1, routed)           0.762     6.369    clkRefresh_reg_n_0_[1]
    SLICE_X0Y16          CARRY4 (Prop_carry4_S[1]_CO[3])
                                                      0.674     7.043 r  clkRefresh_reg[0]_i_1/CO[3]
                         net (fo=1, routed)           0.000     7.043    clkRefresh_reg[0]_i_1_n_0
    SLICE_X0Y17          CARRY4 (Prop_carry4_CI_CO[3])
                                                      0.114     7.157 r  clkRefresh_reg[4]_i_1/CO[3]
                         net (fo=1, routed)           0.000     7.157    clkRefresh_reg[4]_i_1_n_0
    SLICE_X0Y18          CARRY4 (Prop_carry4_CI_CO[3])
                                                      0.114     7.271 r  clkRefresh_reg[8]_i_1/CO[3]
                         net (fo=1, routed)           0.000     7.271    clkRefresh_reg[8]_i_1_n_0
    SLICE_X0Y19          CARRY4 (Prop_carry4_CI_O[0])
                                                      0.223     7.494 r  clkRefresh_reg[12]_i_1/O[0]
                         net (fo=1, routed)           0.000     7.494    clkRefresh_reg[12]_i_1_n_7
    SLICE_X0Y19          FDCE                                         r  clkRefresh_reg[12]/D
  -------------------------------------------------------------------    -------------------

                         (clock sys_clk_pin rise edge)
                                                     10.000    10.000 r  
    W5                                                0.000    10.000 r  clk (IN)
                         net (fo=0)                   0.000    10.000    clk
    W5                   IBUF (Prop_ibuf_I_O)         1.388    11.388 r  clk_IBUF_inst/O
                         net (fo=1, routed)           1.862    13.250    clk_IBUF
    BUFGCTRL_X0Y0        BUFG (Prop_bufg_I_O)         0.091    13.341 r  clk_IBUF_BUFG_inst/O
                         net (fo=20, routed)          1.508    14.849    clk_IBUF_BUFG
    SLICE_X0Y19          FDCE                                         r  clkRefresh_reg[12]/C
                         clock pessimism              0.274    15.123    
                         clock uncertainty           -0.035    15.088    
    SLICE_X0Y19          FDCE (Setup_fdce_C_D)        0.062    15.150    clkRefresh_reg[12]
  -------------------------------------------------------------------
                         required time                         15.150    
                         arrival time                          -7.494    
  -------------------------------------------------------------------
                         slack                                  7.656    

Slack (MET) :             7.660ns  (required time - arrival time)
  Source:                 clkRefresh_reg[1]/C
                            (rising edge-triggered cell FDCE clocked by sys_clk_pin  {rise@0.000ns fall@5.000ns period=10.000ns})
  Destination:            clkRefresh_reg[9]/D
                            (rising edge-triggered cell FDCE clocked by sys_clk_pin  {rise@0.000ns fall@5.000ns period=10.000ns})
  Path Group:             sys_clk_pin
  Path Type:              Setup (Max at Slow Process Corner)
  Requirement:            10.000ns  (sys_clk_pin rise@10.000ns - sys_clk_pin rise@0.000ns)
  Data Path Delay:        2.340ns  (logic 1.578ns (67.440%)  route 0.762ns (32.560%))
  Logic Levels:           3  (CARRY4=3)
  Clock Path Skew:        -0.027ns (DCD - SCD + CPR)
    Destination Clock Delay (DCD):    4.850ns = ( 14.850 - 10.000 ) 
    Source Clock Delay      (SCD):    5.151ns
    Clock Pessimism Removal (CPR):    0.274ns
  Clock Uncertainty:      0.035ns  ((TSJ^2 + TIJ^2)^1/2 + DJ) / 2 + PE
    Total System Jitter     (TSJ):    0.071ns
    Total Input Jitter      (TIJ):    0.000ns
    Discrete Jitter          (DJ):    0.000ns
    Phase Error              (PE):    0.000ns

    Location             Delay type                Incr(ns)  Path(ns)    Netlist Resource(s)
  -------------------------------------------------------------------    -------------------
                         (clock sys_clk_pin rise edge)
                                                      0.000     0.000 r  
    W5                                                0.000     0.000 r  clk (IN)
                         net (fo=0)                   0.000     0.000    clk
    W5                   IBUF (Prop_ibuf_I_O)         1.458     1.458 r  clk_IBUF_inst/O
                         net (fo=1, routed)           1.967     3.425    clk_IBUF
    BUFGCTRL_X0Y0        BUFG (Prop_bufg_I_O)         0.096     3.521 r  clk_IBUF_BUFG_inst/O
                         net (fo=20, routed)          1.630     5.151    clk_IBUF_BUFG
    SLICE_X0Y16          FDCE                                         r  clkRefresh_reg[1]/C
  -------------------------------------------------------------------    -------------------
    SLICE_X0Y16          FDCE (Prop_fdce_C_Q)         0.456     5.607 r  clkRefresh_reg[1]/Q
                         net (fo=1, routed)           0.762     6.369    clkRefresh_reg_n_0_[1]
    SLICE_X0Y16          CARRY4 (Prop_carry4_S[1]_CO[3])
                                                      0.674     7.043 r  clkRefresh_reg[0]_i_1/CO[3]
                         net (fo=1, routed)           0.000     7.043    clkRefresh_reg[0]_i_1_n_0
    SLICE_X0Y17          CARRY4 (Prop_carry4_CI_CO[3])
                                                      0.114     7.157 r  clkRefresh_reg[4]_i_1/CO[3]
                         net (fo=1, routed)           0.000     7.157    clkRefresh_reg[4]_i_1_n_0
    SLICE_X0Y18          CARRY4 (Prop_carry4_CI_O[1])
                                                      0.334     7.491 r  clkRefresh_reg[8]_i_1/O[1]
                         net (fo=1, routed)           0.000     7.491    clkRefresh_reg[8]_i_1_n_6
    SLICE_X0Y18          FDCE                                         r  clkRefresh_reg[9]/D
  -------------------------------------------------------------------    -------------------

                         (clock sys_clk_pin rise edge)
                                                     10.000    10.000 r  
    W5                                                0.000    10.000 r  clk (IN)
                         net (fo=0)                   0.000    10.000    clk
    W5                   IBUF (Prop_ibuf_I_O)         1.388    11.388 r  clk_IBUF_inst/O
                         net (fo=1, routed)           1.862    13.250    clk_IBUF
    BUFGCTRL_X0Y0        BUFG (Prop_bufg_I_O)         0.091    13.341 r  clk_IBUF_BUFG_inst/O
                         net (fo=20, routed)          1.509    14.850    clk_IBUF_BUFG
    SLICE_X0Y18          FDCE                                         r  clkRefresh_reg[9]/C
                         clock pessimism              0.274    15.124    
                         clock uncertainty           -0.035    15.089    
    SLICE_X0Y18          FDCE (Setup_fdce_C_D)        0.062    15.151    clkRefresh_reg[9]
  -------------------------------------------------------------------
                         required time                         15.151    
                         arrival time                          -7.491    
  -------------------------------------------------------------------
                         slack                                  7.660    

Slack (MET) :             7.681ns  (required time - arrival time)
  Source:                 clkRefresh_reg[1]/C
                            (rising edge-triggered cell FDCE clocked by sys_clk_pin  {rise@0.000ns fall@5.000ns period=10.000ns})
  Destination:            clkRefresh_reg[11]/D
                            (rising edge-triggered cell FDCE clocked by sys_clk_pin  {rise@0.000ns fall@5.000ns period=10.000ns})
  Path Group:             sys_clk_pin
  Path Type:              Setup (Max at Slow Process Corner)
  Requirement:            10.000ns  (sys_clk_pin rise@10.000ns - sys_clk_pin rise@0.000ns)
  Data Path Delay:        2.319ns  (logic 1.557ns (67.145%)  route 0.762ns (32.855%))
  Logic Levels:           3  (CARRY4=3)
  Clock Path Skew:        -0.027ns (DCD - SCD + CPR)
    Destination Clock Delay (DCD):    4.850ns = ( 14.850 - 10.000 ) 
    Source Clock Delay      (SCD):    5.151ns
    Clock Pessimism Removal (CPR):    0.274ns
  Clock Uncertainty:      0.035ns  ((TSJ^2 + TIJ^2)^1/2 + DJ) / 2 + PE
    Total System Jitter     (TSJ):    0.071ns
    Total Input Jitter      (TIJ):    0.000ns
    Discrete Jitter          (DJ):    0.000ns
    Phase Error              (PE):    0.000ns

    Location             Delay type                Incr(ns)  Path(ns)    Netlist Resource(s)
  -------------------------------------------------------------------    -------------------
                         (clock sys_clk_pin rise edge)
                                                      0.000     0.000 r  
    W5                                                0.000     0.000 r  clk (IN)
                         net (fo=0)                   0.000     0.000    clk
    W5                   IBUF (Prop_ibuf_I_O)         1.458     1.458 r  clk_IBUF_inst/O
                         net (fo=1, routed)           1.967     3.425    clk_IBUF
    BUFGCTRL_X0Y0        BUFG (Prop_bufg_I_O)         0.096     3.521 r  clk_IBUF_BUFG_inst/O
                         net (fo=20, routed)          1.630     5.151    clk_IBUF_BUFG
    SLICE_X0Y16          FDCE                                         r  clkRefresh_reg[1]/C
  -------------------------------------------------------------------    -------------------
    SLICE_X0Y16          FDCE (Prop_fdce_C_Q)         0.456     5.607 r  clkRefresh_reg[1]/Q
                         net (fo=1, routed)           0.762     6.369    clkRefresh_reg_n_0_[1]
    SLICE_X0Y16          CARRY4 (Prop_carry4_S[1]_CO[3])
                                                      0.674     7.043 r  clkRefresh_reg[0]_i_1/CO[3]
                         net (fo=1, routed)           0.000     7.043    clkRefresh_reg[0]_i_1_n_0
    SLICE_X0Y17          CARRY4 (Prop_carry4_CI_CO[3])
                                                      0.114     7.157 r  clkRefresh_reg[4]_i_1/CO[3]
                         net (fo=1, routed)           0.000     7.157    clkRefresh_reg[4]_i_1_n_0
    SLICE_X0Y18          CARRY4 (Prop_carry4_CI_O[3])
                                                      0.313     7.470 r  clkRefresh_reg[8]_i_1/O[3]
                         net (fo=1, routed)           0.000     7.470    clkRefresh_reg[8]_i_1_n_4
    SLICE_X0Y18          FDCE                                         r  clkRefresh_reg[11]/D
  -------------------------------------------------------------------    -------------------

                         (clock sys_clk_pin rise edge)
                                                     10.000    10.000 r  
    W5                                                0.000    10.000 r  clk (IN)
                         net (fo=0)                   0.000    10.000    clk
    W5                   IBUF (Prop_ibuf_I_O)         1.388    11.388 r  clk_IBUF_inst/O
                         net (fo=1, routed)           1.862    13.250    clk_IBUF
    BUFGCTRL_X0Y0        BUFG (Prop_bufg_I_O)         0.091    13.341 r  clk_IBUF_BUFG_inst/O
                         net (fo=20, routed)          1.509    14.850    clk_IBUF_BUFG
    SLICE_X0Y18          FDCE                                         r  clkRefresh_reg[11]/C
                         clock pessimism              0.274    15.124    
                         clock uncertainty           -0.035    15.089    
    SLICE_X0Y18          FDCE (Setup_fdce_C_D)        0.062    15.151    clkRefresh_reg[11]
  -------------------------------------------------------------------
                         required time                         15.151    
                         arrival time                          -7.470    
  -------------------------------------------------------------------
                         slack                                  7.681    





Min Delay Paths
--------------------------------------------------------------------------------------
Slack (MET) :             0.324ns  (arrival time - required time)
  Source:                 clkRefresh_reg[0]/C
                            (rising edge-triggered cell FDCE clocked by sys_clk_pin  {rise@0.000ns fall@5.000ns period=10.000ns})
  Destination:            clkRefresh_reg[0]/D
                            (rising edge-triggered cell FDCE clocked by sys_clk_pin  {rise@0.000ns fall@5.000ns period=10.000ns})
  Path Group:             sys_clk_pin
  Path Type:              Hold (Min at Fast Process Corner)
  Requirement:            0.000ns  (sys_clk_pin rise@0.000ns - sys_clk_pin rise@0.000ns)
  Data Path Delay:        0.429ns  (logic 0.256ns (59.730%)  route 0.173ns (40.270%))
  Logic Levels:           2  (CARRY4=1 LUT1=1)
  Clock Path Skew:        0.000ns (DCD - SCD - CPR)
    Destination Clock Delay (DCD):    1.986ns
    Source Clock Delay      (SCD):    1.473ns
    Clock Pessimism Removal (CPR):    0.513ns

    Location             Delay type                Incr(ns)  Path(ns)    Netlist Resource(s)
  -------------------------------------------------------------------    -------------------
                         (clock sys_clk_pin rise edge)
                                                      0.000     0.000 r  
    W5                                                0.000     0.000 r  clk (IN)
                         net (fo=0)                   0.000     0.000    clk
    W5                   IBUF (Prop_ibuf_I_O)         0.226     0.226 r  clk_IBUF_inst/O
                         net (fo=1, routed)           0.631     0.858    clk_IBUF
    BUFGCTRL_X0Y0        BUFG (Prop_bufg_I_O)         0.026     0.884 r  clk_IBUF_BUFG_inst/O
                         net (fo=20, routed)          0.590     1.473    clk_IBUF_BUFG
    SLICE_X0Y16          FDCE                                         r  clkRefresh_reg[0]/C
  -------------------------------------------------------------------    -------------------
    SLICE_X0Y16          FDCE (Prop_fdce_C_Q)         0.141     1.614 f  clkRefresh_reg[0]/Q
                         net (fo=1, routed)           0.173     1.787    clkRefresh_reg_n_0_[0]
    SLICE_X0Y16          LUT1 (Prop_lut1_I0_O)        0.045     1.832 r  clkRefresh[0]_i_2/O
                         net (fo=1, routed)           0.000     1.832    clkRefresh[0]_i_2_n_0
    SLICE_X0Y16          CARRY4 (Prop_carry4_S[0]_O[0])
                                                      0.070     1.902 r  clkRefresh_reg[0]_i_1/O[0]
                         net (fo=1, routed)           0.000     1.902    clkRefresh_reg[0]_i_1_n_7
    SLICE_X0Y16          FDCE                                         r  clkRefresh_reg[0]/D
  -------------------------------------------------------------------    -------------------

                         (clock sys_clk_pin rise edge)
                                                      0.000     0.000 r  
    W5                                                0.000     0.000 r  clk (IN)
                         net (fo=0)                   0.000     0.000    clk
    W5                   IBUF (Prop_ibuf_I_O)         0.414     0.414 r  clk_IBUF_inst/O
                         net (fo=1, routed)           0.685     1.099    clk_IBUF
    BUFGCTRL_X0Y0        BUFG (Prop_bufg_I_O)         0.029     1.128 r  clk_IBUF_BUFG_inst/O
                         net (fo=20, routed)          0.859     1.986    clk_IBUF_BUFG
    SLICE_X0Y16          FDCE                                         r  clkRefresh_reg[0]/C
                         clock pessimism             -0.513     1.473    
    SLICE_X0Y16          FDCE (Hold_fdce_C_D)         0.105     1.578    clkRefresh_reg[0]
  -------------------------------------------------------------------
                         required time                         -1.578    
                         arrival time                           1.902    
  -------------------------------------------------------------------
                         slack                                  0.324    

Slack (MET) :             0.327ns  (arrival time - required time)
  Source:                 clkRefresh_reg[12]/C
                            (rising edge-triggered cell FDCE clocked by sys_clk_pin  {rise@0.000ns fall@5.000ns period=10.000ns})
  Destination:            clkRefresh_reg[12]/D
                            (rising edge-triggered cell FDCE clocked by sys_clk_pin  {rise@0.000ns fall@5.000ns period=10.000ns})
  Path Group:             sys_clk_pin
  Path Type:              Hold (Min at Fast Process Corner)
  Requirement:            0.000ns  (sys_clk_pin rise@0.000ns - sys_clk_pin rise@0.000ns)
  Data Path Delay:        0.432ns  (logic 0.256ns (59.199%)  route 0.176ns (40.801%))
  Logic Levels:           1  (CARRY4=1)
  Clock Path Skew:        0.000ns (DCD - SCD - CPR)
    Destination Clock Delay (DCD):    1.983ns
    Source Clock Delay      (SCD):    1.470ns
    Clock Pessimism Removal (CPR):    0.513ns

    Location             Delay type                Incr(ns)  Path(ns)    Netlist Resource(s)
  -------------------------------------------------------------------    -------------------
                         (clock sys_clk_pin rise edge)
                                                      0.000     0.000 r  
    W5                                                0.000     0.000 r  clk (IN)
                         net (fo=0)                   0.000     0.000    clk
    W5                   IBUF (Prop_ibuf_I_O)         0.226     0.226 r  clk_IBUF_inst/O
                         net (fo=1, routed)           0.631     0.858    clk_IBUF
    BUFGCTRL_X0Y0        BUFG (Prop_bufg_I_O)         0.026     0.884 r  clk_IBUF_BUFG_inst/O
                         net (fo=20, routed)          0.587     1.470    clk_IBUF_BUFG
    SLICE_X0Y19          FDCE                                         r  clkRefresh_reg[12]/C
  -------------------------------------------------------------------    -------------------
    SLICE_X0Y19          FDCE (Prop_fdce_C_Q)         0.141     1.611 r  clkRefresh_reg[12]/Q
                         net (fo=1, routed)           0.176     1.788    clkRefresh_reg_n_0_[12]
    SLICE_X0Y19          CARRY4 (Prop_carry4_S[0]_O[0])
                                                      0.115     1.903 r  clkRefresh_reg[12]_i_1/O[0]
                         net (fo=1, routed)           0.000     1.903    clkRefresh_reg[12]_i_1_n_7
    SLICE_X0Y19          FDCE                                         r  clkRefresh_reg[12]/D
  -------------------------------------------------------------------    -------------------

                         (clock sys_clk_pin rise edge)
                                                      0.000     0.000 r  
    W5                                                0.000     0.000 r  clk (IN)
                         net (fo=0)                   0.000     0.000    clk
    W5                   IBUF (Prop_ibuf_I_O)         0.414     0.414 r  clk_IBUF_inst/O
                         net (fo=1, routed)           0.685     1.099    clk_IBUF
    BUFGCTRL_X0Y0        BUFG (Prop_bufg_I_O)         0.029     1.128 r  clk_IBUF_BUFG_inst/O
                         net (fo=20, routed)          0.856     1.983    clk_IBUF_BUFG
    SLICE_X0Y19          FDCE                                         r  clkRefresh_reg[12]/C
                         clock pessimism             -0.513     1.470    
    SLICE_X0Y19          FDCE (Hold_fdce_C_D)         0.105     1.575    clkRefresh_reg[12]
  -------------------------------------------------------------------
                         required time                         -1.575    
                         arrival time                           1.903    
  -------------------------------------------------------------------
                         slack                                  0.327    

Slack (MET) :             0.327ns  (arrival time - required time)
  Source:                 clkRefresh_reg[4]/C
                            (rising edge-triggered cell FDCE clocked by sys_clk_pin  {rise@0.000ns fall@5.000ns period=10.000ns})
  Destination:            clkRefresh_reg[4]/D
                            (rising edge-triggered cell FDCE clocked by sys_clk_pin  {rise@0.000ns fall@5.000ns period=10.000ns})
  Path Group:             sys_clk_pin
  Path Type:              Hold (Min at Fast Process Corner)
  Requirement:            0.000ns  (sys_clk_pin rise@0.000ns - sys_clk_pin rise@0.000ns)
  Data Path Delay:        0.432ns  (logic 0.256ns (59.199%)  route 0.176ns (40.801%))
  Logic Levels:           1  (CARRY4=1)
  Clock Path Skew:        0.000ns (DCD - SCD - CPR)
    Destination Clock Delay (DCD):    1.985ns
    Source Clock Delay      (SCD):    1.472ns
    Clock Pessimism Removal (CPR):    0.513ns

    Location             Delay type                Incr(ns)  Path(ns)    Netlist Resource(s)
  -------------------------------------------------------------------    -------------------
                         (clock sys_clk_pin rise edge)
                                                      0.000     0.000 r  
    W5                                                0.000     0.000 r  clk (IN)
                         net (fo=0)                   0.000     0.000    clk
    W5                   IBUF (Prop_ibuf_I_O)         0.226     0.226 r  clk_IBUF_inst/O
                         net (fo=1, routed)           0.631     0.858    clk_IBUF
    BUFGCTRL_X0Y0        BUFG (Prop_bufg_I_O)         0.026     0.884 r  clk_IBUF_BUFG_inst/O
                         net (fo=20, routed)          0.589     1.472    clk_IBUF_BUFG
    SLICE_X0Y17          FDCE                                         r  clkRefresh_reg[4]/C
  -------------------------------------------------------------------    -------------------
    SLICE_X0Y17          FDCE (Prop_fdce_C_Q)         0.141     1.613 r  clkRefresh_reg[4]/Q
                         net (fo=1, routed)           0.176     1.790    clkRefresh_reg_n_0_[4]
    SLICE_X0Y17          CARRY4 (Prop_carry4_S[0]_O[0])
                                                      0.115     1.905 r  clkRefresh_reg[4]_i_1/O[0]
                         net (fo=1, routed)           0.000     1.905    clkRefresh_reg[4]_i_1_n_7
    SLICE_X0Y17          FDCE                                         r  clkRefresh_reg[4]/D
  -------------------------------------------------------------------    -------------------

                         (clock sys_clk_pin rise edge)
                                                      0.000     0.000 r  
    W5                                                0.000     0.000 r  clk (IN)
                         net (fo=0)                   0.000     0.000    clk
    W5                   IBUF (Prop_ibuf_I_O)         0.414     0.414 r  clk_IBUF_inst/O
                         net (fo=1, routed)           0.685     1.099    clk_IBUF
    BUFGCTRL_X0Y0        BUFG (Prop_bufg_I_O)         0.029     1.128 r  clk_IBUF_BUFG_inst/O
                         net (fo=20, routed)          0.858     1.985    clk_IBUF_BUFG
    SLICE_X0Y17          FDCE                                         r  clkRefresh_reg[4]/C
                         clock pessimism             -0.513     1.472    
    SLICE_X0Y17          FDCE (Hold_fdce_C_D)         0.105     1.577    clkRefresh_reg[4]
  -------------------------------------------------------------------
                         required time                         -1.577    
                         arrival time                           1.905    
  -------------------------------------------------------------------
                         slack                                  0.327    

Slack (MET) :             0.327ns  (arrival time - required time)
  Source:                 clkRefresh_reg[8]/C
                            (rising edge-triggered cell FDCE clocked by sys_clk_pin  {rise@0.000ns fall@5.000ns period=10.000ns})
  Destination:            clkRefresh_reg[8]/D
                            (rising edge-triggered cell FDCE clocked by sys_clk_pin  {rise@0.000ns fall@5.000ns period=10.000ns})
  Path Group:             sys_clk_pin
  Path Type:              Hold (Min at Fast Process Corner)
  Requirement:            0.000ns  (sys_clk_pin rise@0.000ns - sys_clk_pin rise@0.000ns)
  Data Path Delay:        0.432ns  (logic 0.256ns (59.199%)  route 0.176ns (40.801%))
  Logic Levels:           1  (CARRY4=1)
  Clock Path Skew:        0.000ns (DCD - SCD - CPR)
    Destination Clock Delay (DCD):    1.984ns
    Source Clock Delay      (SCD):    1.471ns
    Clock Pessimism Removal (CPR):    0.513ns

    Location             Delay type                Incr(ns)  Path(ns)    Netlist Resource(s)
  -------------------------------------------------------------------    -------------------
                         (clock sys_clk_pin rise edge)
                                                      0.000     0.000 r  
    W5                                                0.000     0.000 r  clk (IN)
                         net (fo=0)                   0.000     0.000    clk
    W5                   IBUF (Prop_ibuf_I_O)         0.226     0.226 r  clk_IBUF_inst/O
                         net (fo=1, routed)           0.631     0.858    clk_IBUF
    BUFGCTRL_X0Y0        BUFG (Prop_bufg_I_O)         0.026     0.884 r  clk_IBUF_BUFG_inst/O
                         net (fo=20, routed)          0.588     1.471    clk_IBUF_BUFG
    SLICE_X0Y18          FDCE                                         r  clkRefresh_reg[8]/C
  -------------------------------------------------------------------    -------------------
    SLICE_X0Y18          FDCE (Prop_fdce_C_Q)         0.141     1.612 r  clkRefresh_reg[8]/Q
                         net (fo=1, routed)           0.176     1.789    clkRefresh_reg_n_0_[8]
    SLICE_X0Y18          CARRY4 (Prop_carry4_S[0]_O[0])
                                                      0.115     1.904 r  clkRefresh_reg[8]_i_1/O[0]
                         net (fo=1, routed)           0.000     1.904    clkRefresh_reg[8]_i_1_n_7
    SLICE_X0Y18          FDCE                                         r  clkRefresh_reg[8]/D
  -------------------------------------------------------------------    -------------------

                         (clock sys_clk_pin rise edge)
                                                      0.000     0.000 r  
    W5                                                0.000     0.000 r  clk (IN)
                         net (fo=0)                   0.000     0.000    clk
    W5                   IBUF (Prop_ibuf_I_O)         0.414     0.414 r  clk_IBUF_inst/O
                         net (fo=1, routed)           0.685     1.099    clk_IBUF
    BUFGCTRL_X0Y0        BUFG (Prop_bufg_I_O)         0.029     1.128 r  clk_IBUF_BUFG_inst/O
                         net (fo=20, routed)          0.857     1.984    clk_IBUF_BUFG
    SLICE_X0Y18          FDCE                                         r  clkRefresh_reg[8]/C
                         clock pessimism             -0.513     1.471    
    SLICE_X0Y18          FDCE (Hold_fdce_C_D)         0.105     1.576    clkRefresh_reg[8]
  -------------------------------------------------------------------
                         required time                         -1.576    
                         arrival time                           1.904    
  -------------------------------------------------------------------
                         slack                                  0.327    

Slack (MET) :             0.327ns  (arrival time - required time)
  Source:                 clkRefresh_reg[16]/C
                            (rising edge-triggered cell FDCE clocked by sys_clk_pin  {rise@0.000ns fall@5.000ns period=10.000ns})
  Destination:            clkRefresh_reg[16]/D
                            (rising edge-triggered cell FDCE clocked by sys_clk_pin  {rise@0.000ns fall@5.000ns period=10.000ns})
  Path Group:             sys_clk_pin
  Path Type:              Hold (Min at Fast Process Corner)
  Requirement:            0.000ns  (sys_clk_pin rise@0.000ns - sys_clk_pin rise@0.000ns)
  Data Path Delay:        0.432ns  (logic 0.256ns (59.199%)  route 0.176ns (40.801%))
  Logic Levels:           1  (CARRY4=1)
  Clock Path Skew:        0.000ns (DCD - SCD - CPR)
    Destination Clock Delay (DCD):    1.982ns
    Source Clock Delay      (SCD):    1.469ns
    Clock Pessimism Removal (CPR):    0.513ns

    Location             Delay type                Incr(ns)  Path(ns)    Netlist Resource(s)
  -------------------------------------------------------------------    -------------------
                         (clock sys_clk_pin rise edge)
                                                      0.000     0.000 r  
    W5                                                0.000     0.000 r  clk (IN)
                         net (fo=0)                   0.000     0.000    clk
    W5                   IBUF (Prop_ibuf_I_O)         0.226     0.226 r  clk_IBUF_inst/O
                         net (fo=1, routed)           0.631     0.858    clk_IBUF
    BUFGCTRL_X0Y0        BUFG (Prop_bufg_I_O)         0.026     0.884 r  clk_IBUF_BUFG_inst/O
                         net (fo=20, routed)          0.586     1.469    clk_IBUF_BUFG
    SLICE_X0Y20          FDCE                                         r  clkRefresh_reg[16]/C
  -------------------------------------------------------------------    -------------------
    SLICE_X0Y20          FDCE (Prop_fdce_C_Q)         0.141     1.610 r  clkRefresh_reg[16]/Q
                         net (fo=1, routed)           0.176     1.787    clkRefresh_reg_n_0_[16]
    SLICE_X0Y20          CARRY4 (Prop_carry4_S[0]_O[0])
                                                      0.115     1.902 r  clkRefresh_reg[16]_i_1/O[0]
                         net (fo=1, routed)           0.000     1.902    clkRefresh_reg[16]_i_1_n_7
    SLICE_X0Y20          FDCE                                         r  clkRefresh_reg[16]/D
  -------------------------------------------------------------------    -------------------

                         (clock sys_clk_pin rise edge)
                                                      0.000     0.000 r  
    W5                                                0.000     0.000 r  clk (IN)
                         net (fo=0)                   0.000     0.000    clk
    W5                   IBUF (Prop_ibuf_I_O)         0.414     0.414 r  clk_IBUF_inst/O
                         net (fo=1, routed)           0.685     1.099    clk_IBUF
    BUFGCTRL_X0Y0        BUFG (Prop_bufg_I_O)         0.029     1.128 r  clk_IBUF_BUFG_inst/O
                         net (fo=20, routed)          0.855     1.982    clk_IBUF_BUFG
    SLICE_X0Y20          FDCE                                         r  clkRefresh_reg[16]/C
                         clock pessimism             -0.513     1.469    
    SLICE_X0Y20          FDCE (Hold_fdce_C_D)         0.105     1.574    clkRefresh_reg[16]
  -------------------------------------------------------------------
                         required time                         -1.574    
                         arrival time                           1.902    
  -------------------------------------------------------------------
                         slack                                  0.327    

Slack (MET) :             0.360ns  (arrival time - required time)
  Source:                 clkRefresh_reg[0]/C
                            (rising edge-triggered cell FDCE clocked by sys_clk_pin  {rise@0.000ns fall@5.000ns period=10.000ns})
  Destination:            clkRefresh_reg[1]/D
                            (rising edge-triggered cell FDCE clocked by sys_clk_pin  {rise@0.000ns fall@5.000ns period=10.000ns})
  Path Group:             sys_clk_pin
  Path Type:              Hold (Min at Fast Process Corner)
  Requirement:            0.000ns  (sys_clk_pin rise@0.000ns - sys_clk_pin rise@0.000ns)
  Data Path Delay:        0.465ns  (logic 0.292ns (62.850%)  route 0.173ns (37.150%))
  Logic Levels:           2  (CARRY4=1 LUT1=1)
  Clock Path Skew:        0.000ns (DCD - SCD - CPR)
    Destination Clock Delay (DCD):    1.986ns
    Source Clock Delay      (SCD):    1.473ns
    Clock Pessimism Removal (CPR):    0.513ns

    Location             Delay type                Incr(ns)  Path(ns)    Netlist Resource(s)
  -------------------------------------------------------------------    -------------------
                         (clock sys_clk_pin rise edge)
                                                      0.000     0.000 r  
    W5                                                0.000     0.000 r  clk (IN)
                         net (fo=0)                   0.000     0.000    clk
    W5                   IBUF (Prop_ibuf_I_O)         0.226     0.226 r  clk_IBUF_inst/O
                         net (fo=1, routed)           0.631     0.858    clk_IBUF
    BUFGCTRL_X0Y0        BUFG (Prop_bufg_I_O)         0.026     0.884 r  clk_IBUF_BUFG_inst/O
                         net (fo=20, routed)          0.590     1.473    clk_IBUF_BUFG
    SLICE_X0Y16          FDCE                                         r  clkRefresh_reg[0]/C
  -------------------------------------------------------------------    -------------------
    SLICE_X0Y16          FDCE (Prop_fdce_C_Q)         0.141     1.614 f  clkRefresh_reg[0]/Q
                         net (fo=1, routed)           0.173     1.787    clkRefresh_reg_n_0_[0]
    SLICE_X0Y16          LUT1 (Prop_lut1_I0_O)        0.045     1.832 r  clkRefresh[0]_i_2/O
                         net (fo=1, routed)           0.000     1.832    clkRefresh[0]_i_2_n_0
    SLICE_X0Y16          CARRY4 (Prop_carry4_S[0]_O[1])
                                                      0.106     1.938 r  clkRefresh_reg[0]_i_1/O[1]
                         net (fo=1, routed)           0.000     1.938    clkRefresh_reg[0]_i_1_n_6
    SLICE_X0Y16          FDCE                                         r  clkRefresh_reg[1]/D
  -------------------------------------------------------------------    -------------------

                         (clock sys_clk_pin rise edge)
                                                      0.000     0.000 r  
    W5                                                0.000     0.000 r  clk (IN)
                         net (fo=0)                   0.000     0.000    clk
    W5                   IBUF (Prop_ibuf_I_O)         0.414     0.414 r  clk_IBUF_inst/O
                         net (fo=1, routed)           0.685     1.099    clk_IBUF
    BUFGCTRL_X0Y0        BUFG (Prop_bufg_I_O)         0.029     1.128 r  clk_IBUF_BUFG_inst/O
                         net (fo=20, routed)          0.859     1.986    clk_IBUF_BUFG
    SLICE_X0Y16          FDCE                                         r  clkRefresh_reg[1]/C
                         clock pessimism             -0.513     1.473    
    SLICE_X0Y16          FDCE (Hold_fdce_C_D)         0.105     1.578    clkRefresh_reg[1]
  -------------------------------------------------------------------
                         required time                         -1.578    
                         arrival time                           1.938    
  -------------------------------------------------------------------
                         slack                                  0.360    

Slack (MET) :             0.363ns  (arrival time - required time)
  Source:                 clkRefresh_reg[12]/C
                            (rising edge-triggered cell FDCE clocked by sys_clk_pin  {rise@0.000ns fall@5.000ns period=10.000ns})
  Destination:            clkRefresh_reg[13]/D
                            (rising edge-triggered cell FDCE clocked by sys_clk_pin  {rise@0.000ns fall@5.000ns period=10.000ns})
  Path Group:             sys_clk_pin
  Path Type:              Hold (Min at Fast Process Corner)
  Requirement:            0.000ns  (sys_clk_pin rise@0.000ns - sys_clk_pin rise@0.000ns)
  Data Path Delay:        0.468ns  (logic 0.292ns (62.334%)  route 0.176ns (37.666%))
  Logic Levels:           1  (CARRY4=1)
  Clock Path Skew:        0.000ns (DCD - SCD - CPR)
    Destination Clock Delay (DCD):    1.983ns
    Source Clock Delay      (SCD):    1.470ns
    Clock Pessimism Removal (CPR):    0.513ns

    Location             Delay type                Incr(ns)  Path(ns)    Netlist Resource(s)
  -------------------------------------------------------------------    -------------------
                         (clock sys_clk_pin rise edge)
                                                      0.000     0.000 r  
    W5                                                0.000     0.000 r  clk (IN)
                         net (fo=0)                   0.000     0.000    clk
    W5                   IBUF (Prop_ibuf_I_O)         0.226     0.226 r  clk_IBUF_inst/O
                         net (fo=1, routed)           0.631     0.858    clk_IBUF
    BUFGCTRL_X0Y0        BUFG (Prop_bufg_I_O)         0.026     0.884 r  clk_IBUF_BUFG_inst/O
                         net (fo=20, routed)          0.587     1.470    clk_IBUF_BUFG
    SLICE_X0Y19          FDCE                                         r  clkRefresh_reg[12]/C
  -------------------------------------------------------------------    -------------------
    SLICE_X0Y19          FDCE (Prop_fdce_C_Q)         0.141     1.611 r  clkRefresh_reg[12]/Q
                         net (fo=1, routed)           0.176     1.788    clkRefresh_reg_n_0_[12]
    SLICE_X0Y19          CARRY4 (Prop_carry4_S[0]_O[1])
                                                      0.151     1.939 r  clkRefresh_reg[12]_i_1/O[1]
                         net (fo=1, routed)           0.000     1.939    clkRefresh_reg[12]_i_1_n_6
    SLICE_X0Y19          FDCE                                         r  clkRefresh_reg[13]/D
  -------------------------------------------------------------------    -------------------

                         (clock sys_clk_pin rise edge)
                                                      0.000     0.000 r  
    W5                                                0.000     0.000 r  clk (IN)
                         net (fo=0)                   0.000     0.000    clk
    W5                   IBUF (Prop_ibuf_I_O)         0.414     0.414 r  clk_IBUF_inst/O
                         net (fo=1, routed)           0.685     1.099    clk_IBUF
    BUFGCTRL_X0Y0        BUFG (Prop_bufg_I_O)         0.029     1.128 r  clk_IBUF_BUFG_inst/O
                         net (fo=20, routed)          0.856     1.983    clk_IBUF_BUFG
    SLICE_X0Y19          FDCE                                         r  clkRefresh_reg[13]/C
                         clock pessimism             -0.513     1.470    
    SLICE_X0Y19          FDCE (Hold_fdce_C_D)         0.105     1.575    clkRefresh_reg[13]
  -------------------------------------------------------------------
                         required time                         -1.575    
                         arrival time                           1.939    
  -------------------------------------------------------------------
                         slack                                  0.363    

Slack (MET) :             0.363ns  (arrival time - required time)
  Source:                 clkRefresh_reg[4]/C
                            (rising edge-triggered cell FDCE clocked by sys_clk_pin  {rise@0.000ns fall@5.000ns period=10.000ns})
  Destination:            clkRefresh_reg[5]/D
                            (rising edge-triggered cell FDCE clocked by sys_clk_pin  {rise@0.000ns fall@5.000ns period=10.000ns})
  Path Group:             sys_clk_pin
  Path Type:              Hold (Min at Fast Process Corner)
  Requirement:            0.000ns  (sys_clk_pin rise@0.000ns - sys_clk_pin rise@0.000ns)
  Data Path Delay:        0.468ns  (logic 0.292ns (62.334%)  route 0.176ns (37.666%))
  Logic Levels:           1  (CARRY4=1)
  Clock Path Skew:        0.000ns (DCD - SCD - CPR)
    Destination Clock Delay (DCD):    1.985ns
    Source Clock Delay      (SCD):    1.472ns
    Clock Pessimism Removal (CPR):    0.513ns

    Location             Delay type                Incr(ns)  Path(ns)    Netlist Resource(s)
  -------------------------------------------------------------------    -------------------
                         (clock sys_clk_pin rise edge)
                                                      0.000     0.000 r  
    W5                                                0.000     0.000 r  clk (IN)
                         net (fo=0)                   0.000     0.000    clk
    W5                   IBUF (Prop_ibuf_I_O)         0.226     0.226 r  clk_IBUF_inst/O
                         net (fo=1, routed)           0.631     0.858    clk_IBUF
    BUFGCTRL_X0Y0        BUFG (Prop_bufg_I_O)         0.026     0.884 r  clk_IBUF_BUFG_inst/O
                         net (fo=20, routed)          0.589     1.472    clk_IBUF_BUFG
    SLICE_X0Y17          FDCE                                         r  clkRefresh_reg[4]/C
  -------------------------------------------------------------------    -------------------
    SLICE_X0Y17          FDCE (Prop_fdce_C_Q)         0.141     1.613 r  clkRefresh_reg[4]/Q
                         net (fo=1, routed)           0.176     1.790    clkRefresh_reg_n_0_[4]
    SLICE_X0Y17          CARRY4 (Prop_carry4_S[0]_O[1])
                                                      0.151     1.941 r  clkRefresh_reg[4]_i_1/O[1]
                         net (fo=1, routed)           0.000     1.941    clkRefresh_reg[4]_i_1_n_6
    SLICE_X0Y17          FDCE                                         r  clkRefresh_reg[5]/D
  -------------------------------------------------------------------    -------------------

                         (clock sys_clk_pin rise edge)
                                                      0.000     0.000 r  
    W5                                                0.000     0.000 r  clk (IN)
                         net (fo=0)                   0.000     0.000    clk
    W5                   IBUF (Prop_ibuf_I_O)         0.414     0.414 r  clk_IBUF_inst/O
                         net (fo=1, routed)           0.685     1.099    clk_IBUF
    BUFGCTRL_X0Y0        BUFG (Prop_bufg_I_O)         0.029     1.128 r  clk_IBUF_BUFG_inst/O
                         net (fo=20, routed)          0.858     1.985    clk_IBUF_BUFG
    SLICE_X0Y17          FDCE                                         r  clkRefresh_reg[5]/C
                         clock pessimism             -0.513     1.472    
    SLICE_X0Y17          FDCE (Hold_fdce_C_D)         0.105     1.577    clkRefresh_reg[5]
  -------------------------------------------------------------------
                         required time                         -1.577    
                         arrival time                           1.941    
  -------------------------------------------------------------------
                         slack                                  0.363    

Slack (MET) :             0.363ns  (arrival time - required time)
  Source:                 clkRefresh_reg[8]/C
                            (rising edge-triggered cell FDCE clocked by sys_clk_pin  {rise@0.000ns fall@5.000ns period=10.000ns})
  Destination:            clkRefresh_reg[9]/D
                            (rising edge-triggered cell FDCE clocked by sys_clk_pin  {rise@0.000ns fall@5.000ns period=10.000ns})
  Path Group:             sys_clk_pin
  Path Type:              Hold (Min at Fast Process Corner)
  Requirement:            0.000ns  (sys_clk_pin rise@0.000ns - sys_clk_pin rise@0.000ns)
  Data Path Delay:        0.468ns  (logic 0.292ns (62.334%)  route 0.176ns (37.666%))
  Logic Levels:           1  (CARRY4=1)
  Clock Path Skew:        0.000ns (DCD - SCD - CPR)
    Destination Clock Delay (DCD):    1.984ns
    Source Clock Delay      (SCD):    1.471ns
    Clock Pessimism Removal (CPR):    0.513ns

    Location             Delay type                Incr(ns)  Path(ns)    Netlist Resource(s)
  -------------------------------------------------------------------    -------------------
                         (clock sys_clk_pin rise edge)
                                                      0.000     0.000 r  
    W5                                                0.000     0.000 r  clk (IN)
                         net (fo=0)                   0.000     0.000    clk
    W5                   IBUF (Prop_ibuf_I_O)         0.226     0.226 r  clk_IBUF_inst/O
                         net (fo=1, routed)           0.631     0.858    clk_IBUF
    BUFGCTRL_X0Y0        BUFG (Prop_bufg_I_O)         0.026     0.884 r  clk_IBUF_BUFG_inst/O
                         net (fo=20, routed)          0.588     1.471    clk_IBUF_BUFG
    SLICE_X0Y18          FDCE                                         r  clkRefresh_reg[8]/C
  -------------------------------------------------------------------    -------------------
    SLICE_X0Y18          FDCE (Prop_fdce_C_Q)         0.141     1.612 r  clkRefresh_reg[8]/Q
                         net (fo=1, routed)           0.176     1.789    clkRefresh_reg_n_0_[8]
    SLICE_X0Y18          CARRY4 (Prop_carry4_S[0]_O[1])
                                                      0.151     1.940 r  clkRefresh_reg[8]_i_1/O[1]
                         net (fo=1, routed)           0.000     1.940    clkRefresh_reg[8]_i_1_n_6
    SLICE_X0Y18          FDCE                                         r  clkRefresh_reg[9]/D
  -------------------------------------------------------------------    -------------------

                         (clock sys_clk_pin rise edge)
                                                      0.000     0.000 r  
    W5                                                0.000     0.000 r  clk (IN)
                         net (fo=0)                   0.000     0.000    clk
    W5                   IBUF (Prop_ibuf_I_O)         0.414     0.414 r  clk_IBUF_inst/O
                         net (fo=1, routed)           0.685     1.099    clk_IBUF
    BUFGCTRL_X0Y0        BUFG (Prop_bufg_I_O)         0.029     1.128 r  clk_IBUF_BUFG_inst/O
                         net (fo=20, routed)          0.857     1.984    clk_IBUF_BUFG
    SLICE_X0Y18          FDCE                                         r  clkRefresh_reg[9]/C
                         clock pessimism             -0.513     1.471    
    SLICE_X0Y18          FDCE (Hold_fdce_C_D)         0.105     1.576    clkRefresh_reg[9]
  -------------------------------------------------------------------
                         required time                         -1.576    
                         arrival time                           1.940    
  -------------------------------------------------------------------
                         slack                                  0.363    

Slack (MET) :             0.363ns  (arrival time - required time)
  Source:                 clkRefresh_reg[16]/C
                            (rising edge-triggered cell FDCE clocked by sys_clk_pin  {rise@0.000ns fall@5.000ns period=10.000ns})
  Destination:            clkRefresh_reg[17]/D
                            (rising edge-triggered cell FDCE clocked by sys_clk_pin  {rise@0.000ns fall@5.000ns period=10.000ns})
  Path Group:             sys_clk_pin
  Path Type:              Hold (Min at Fast Process Corner)
  Requirement:            0.000ns  (sys_clk_pin rise@0.000ns - sys_clk_pin rise@0.000ns)
  Data Path Delay:        0.468ns  (logic 0.292ns (62.334%)  route 0.176ns (37.666%))
  Logic Levels:           1  (CARRY4=1)
  Clock Path Skew:        0.000ns (DCD - SCD - CPR)
    Destination Clock Delay (DCD):    1.982ns
    Source Clock Delay      (SCD):    1.469ns
    Clock Pessimism Removal (CPR):    0.513ns

    Location             Delay type                Incr(ns)  Path(ns)    Netlist Resource(s)
  -------------------------------------------------------------------    -------------------
                         (clock sys_clk_pin rise edge)
                                                      0.000     0.000 r  
    W5                                                0.000     0.000 r  clk (IN)
                         net (fo=0)                   0.000     0.000    clk
    W5                   IBUF (Prop_ibuf_I_O)         0.226     0.226 r  clk_IBUF_inst/O
                         net (fo=1, routed)           0.631     0.858    clk_IBUF
    BUFGCTRL_X0Y0        BUFG (Prop_bufg_I_O)         0.026     0.884 r  clk_IBUF_BUFG_inst/O
                         net (fo=20, routed)          0.586     1.469    clk_IBUF_BUFG
    SLICE_X0Y20          FDCE                                         r  clkRefresh_reg[16]/C
  -------------------------------------------------------------------    -------------------
    SLICE_X0Y20          FDCE (Prop_fdce_C_Q)         0.141     1.610 r  clkRefresh_reg[16]/Q
                         net (fo=1, routed)           0.176     1.787    clkRefresh_reg_n_0_[16]
    SLICE_X0Y20          CARRY4 (Prop_carry4_S[0]_O[1])
                                                      0.151     1.938 r  clkRefresh_reg[16]_i_1/O[1]
                         net (fo=1, routed)           0.000     1.938    clkRefresh_reg[16]_i_1_n_6
    SLICE_X0Y20          FDCE                                         r  clkRefresh_reg[17]/D
  -------------------------------------------------------------------    -------------------

                         (clock sys_clk_pin rise edge)
                                                      0.000     0.000 r  
    W5                                                0.000     0.000 r  clk (IN)
                         net (fo=0)                   0.000     0.000    clk
    W5                   IBUF (Prop_ibuf_I_O)         0.414     0.414 r  clk_IBUF_inst/O
                         net (fo=1, routed)           0.685     1.099    clk_IBUF
    BUFGCTRL_X0Y0        BUFG (Prop_bufg_I_O)         0.029     1.128 r  clk_IBUF_BUFG_inst/O
                         net (fo=20, routed)          0.855     1.982    clk_IBUF_BUFG
    SLICE_X0Y20          FDCE                                         r  clkRefresh_reg[17]/C
                         clock pessimism             -0.513     1.469    
    SLICE_X0Y20          FDCE (Hold_fdce_C_D)         0.105     1.574    clkRefresh_reg[17]
  -------------------------------------------------------------------
                         required time                         -1.574    
                         arrival time                           1.938    
  -------------------------------------------------------------------
                         slack                                  0.363    





Pulse Width Checks
--------------------------------------------------------------------------------------
Clock Name:         sys_clk_pin
Waveform(ns):       { 0.000 5.000 }
Period(ns):         10.000
Sources:            { clk }

Check Type        Corner  Lib Pin  Reference Pin  Required(ns)  Actual(ns)  Slack(ns)  Location       Pin
Min Period        n/a     BUFG/I   n/a            2.155         10.000      7.845      BUFGCTRL_X0Y0  clk_IBUF_BUFG_inst/I
Min Period        n/a     FDCE/C   n/a            1.000         10.000      9.000      SLICE_X0Y16    clkRefresh_reg[0]/C
Min Period        n/a     FDCE/C   n/a            1.000         10.000      9.000      SLICE_X0Y18    clkRefresh_reg[10]/C
Min Period        n/a     FDCE/C   n/a            1.000         10.000      9.000      SLICE_X0Y18    clkRefresh_reg[11]/C
Min Period        n/a     FDCE/C   n/a            1.000         10.000      9.000      SLICE_X0Y19    clkRefresh_reg[12]/C
Min Period        n/a     FDCE/C   n/a            1.000         10.000      9.000      SLICE_X0Y19    clkRefresh_reg[13]/C
Min Period        n/a     FDCE/C   n/a            1.000         10.000      9.000      SLICE_X0Y19    clkRefresh_reg[14]/C
Min Period        n/a     FDCE/C   n/a            1.000         10.000      9.000      SLICE_X0Y19    clkRefresh_reg[15]/C
Min Period        n/a     FDCE/C   n/a            1.000         10.000      9.000      SLICE_X0Y20    clkRefresh_reg[16]/C
Min Period        n/a     FDCE/C   n/a            1.000         10.000      9.000      SLICE_X0Y20    clkRefresh_reg[17]/C
Low Pulse Width   Fast    FDCE/C   n/a            0.500         5.000       4.500      SLICE_X0Y16    clkRefresh_reg[0]/C
Low Pulse Width   Slow    FDCE/C   n/a            0.500         5.000       4.500      SLICE_X0Y18    clkRefresh_reg[10]/C
Low Pulse Width   Slow    FDCE/C   n/a            0.500         5.000       4.500      SLICE_X0Y18    clkRefresh_reg[11]/C
Low Pulse Width   Slow    FDCE/C   n/a            0.500         5.000       4.500      SLICE_X0Y19    clkRefresh_reg[12]/C
Low Pulse Width   Slow    FDCE/C   n/a            0.500         5.000       4.500      SLICE_X0Y19    clkRefresh_reg[13]/C
Low Pulse Width   Slow    FDCE/C   n/a            0.500         5.000       4.500      SLICE_X0Y19    clkRefresh_reg[14]/C
Low Pulse Width   Slow    FDCE/C   n/a            0.500         5.000       4.500      SLICE_X0Y19    clkRefresh_reg[15]/C
Low Pulse Width   Slow    FDCE/C   n/a            0.500         5.000       4.500      SLICE_X0Y20    clkRefresh_reg[16]/C
Low Pulse Width   Slow    FDCE/C   n/a            0.500         5.000       4.500      SLICE_X0Y20    clkRefresh_reg[17]/C
Low Pulse Width   Slow    FDCE/C   n/a            0.500         5.000       4.500      SLICE_X0Y20    clkRefresh_reg[18]/C
High Pulse Width  Slow    FDCE/C   n/a            0.500         5.000       4.500      SLICE_X0Y16    clkRefresh_reg[0]/C
High Pulse Width  Fast    FDCE/C   n/a            0.500         5.000       4.500      SLICE_X0Y16    clkRefresh_reg[0]/C
High Pulse Width  Slow    FDCE/C   n/a            0.500         5.000       4.500      SLICE_X0Y16    clkRefresh_reg[1]/C
High Pulse Width  Fast    FDCE/C   n/a            0.500         5.000       4.500      SLICE_X0Y16    clkRefresh_reg[1]/C
High Pulse Width  Slow    FDCE/C   n/a            0.500         5.000       4.500      SLICE_X0Y16    clkRefresh_reg[2]/C
High Pulse Width  Fast    FDCE/C   n/a            0.500         5.000       4.500      SLICE_X0Y16    clkRefresh_reg[2]/C
High Pulse Width  Slow    FDCE/C   n/a            0.500         5.000       4.500      SLICE_X0Y16    clkRefresh_reg[3]/C
High Pulse Width  Fast    FDCE/C   n/a            0.500         5.000       4.500      SLICE_X0Y16    clkRefresh_reg[3]/C
High Pulse Width  Slow    FDCE/C   n/a            0.500         5.000       4.500      SLICE_X0Y17    clkRefresh_reg[4]/C
High Pulse Width  Slow    FDCE/C   n/a            0.500         5.000       4.500      SLICE_X0Y17    clkRefresh_reg[5]/C



